answer,num_guesses,won,guesses
cigar,3,True,raise trail cigar
rebut,3,True,raise ruler rebut
sissy,3,True,raise tipsy sissy
humph,3,True,raise mulch humph
awake,4,True,raise blade weave awake
blush,3,True,raise floss blush
focal,3,True,raise float focal
evade,3,True,raise blade evade
naval,3,True,raise tangy naval
serve,3,True,raise spree serve
heath,3,True,raise cleat heath
dwarf,4,True,raise adorn chard dwarf
model,4,True,raise betel dowel model
karma,4,True,raise party carol karma
stink,2,True,raise stink
grade,3,True,raise grace grade
quiet,3,True,raise edict quiet
bench,3,True,raise betel bench
abate,3,True,raise blade abate
feign,3,True,raise edict feign
major,4,True,raise party valor major
death,4,True,raise cleat heath death
fresh,3,True,raise cress fresh
crust,2,True,raise crust
stool,3,True,raise stunk stool
colon,3,True,raise mulch colon
abase,3,True,raise cease abase
marry,3,True,raise party marry
react,3,True,raise relay react
batty,3,True,raise tangy batty
pride,3,True,raise tripe pride
floss,2,True,raise floss
helix,3,True,raise linen helix
croak,3,True,raise adorn croak
staff,3,True,raise stalk staff
paper,3,True,raise taper paper
unfed,4,True,raise betel woven unfed
whelp,3,True,raise betel whelp
trawl,4,True,raise adorn tract trawl
outdo,4,True,raise mulch pudgy outdo
adobe,3,True,raise blade adobe
crazy,4,True,raise adorn tract crazy
sower,3,True,raise sheer sower
repay,3,True,raise relay repay
digit,4,True,raise pilot night digit
crate,3,True,raise grace crate
cluck,3,True,raise mulch cluck
spike,3,True,raise spine spike
mimic,4,True,raise pilot windy mimic
pound,3,True,raise mulch pound
maxim,3,True,raise panic maxim
linen,2,True,raise linen
unmet,3,True,raise betel unmet
flesh,3,True,raise chest flesh
booby,4,True,raise mulch goody booby
forth,3,True,raise court forth
first,2,True,raise first
stand,4,True,raise stalk staff stand
belly,3,True,raise betel belly
ivory,3,True,raise droit ivory
seedy,3,True,raise spelt seedy
print,2,True,raise print
yearn,3,True,raise alert yearn
drain,4,True,raise trail braid drain
bribe,4,True,raise tripe brine bribe
stout,3,True,raise stunk stout
panel,3,True,raise navel panel
crass,2,True,raise crass
flume,3,True,raise lunge flume
offal,3,True,raise float offal
agree,3,True,raise grace agree
error,3,True,raise deter error
swirl,3,True,raise shirk swirl
argue,3,True,raise grace argue
bleed,3,True,raise betel bleed
delta,3,True,raise cleat delta
flick,3,True,raise glint flick
totem,3,True,raise betel totem
wooer,4,True,raise deter cower wooer
front,3,True,raise court front
shrub,3,True,raise short shrub
parry,3,True,raise party parry
biome,3,True,raise binge biome
lapel,4,True,raise navel label lapel
start,3,True,raise strap start
greet,3,True,raise deter greet
goner,6,True,raise deter cower hover poker goner
golem,3,True,raise betel golem
lusty,3,True,raise stunk lusty
loopy,4,True,raise mulch blown loopy
round,3,True,raise ruddy round
audit,3,True,raise tidal audit
lying,3,True,raise glint lying
gamma,3,True,raise tangy gamma
labor,4,True,raise party valor labor
islet,2,True,raise islet
civic,5,True,raise pilot windy mimic civic
forge,3,True,raise trope forge
corny,3,True,raise court corny
moult,3,True,raise mulch moult
basic,2,True,raise basic
salad,4,True,raise salon sally salad
agate,4,True,raise blade weave agate
spicy,3,True,raise stink spicy
spray,3,True,raise strap spray
essay,3,True,raise steak essay
fjord,3,True,raise court fjord
spend,3,True,raise spelt spend
kebab,3,True,raise cleat kebab
guild,3,True,raise glint guild
aback,3,True,raise float aback
motor,4,True,raise court forth motor
alone,3,True,raise blade alone
hatch,4,True,raise tangy caput hatch
hyper,5,True,raise deter cower buyer hyper
thumb,3,True,raise mulch thumb
dowry,3,True,raise court dowry
ought,3,True,raise mulch ought
belch,4,True,raise betel belly belch
dutch,4,True,raise mulch butch dutch
pilot,2,True,raise pilot
tweed,3,True,raise betel tweed
comet,4,True,raise betel unmet comet
jaunt,3,True,raise tangy jaunt
enema,3,True,raise cleat enema
steed,3,True,raise spelt steed
abyss,3,True,raise slash abyss
growl,4,True,raise court prong growl
fling,3,True,raise glint fling
dozen,4,True,raise betel woven dozen
boozy,5,True,raise mulch goody booby boozy
erode,4,True,raise trope drove erode
world,4,True,raise court donor world
gouge,3,True,raise lunge gouge
click,4,True,raise glint flick click
briar,2,True,raise briar
great,3,True,raise alert great
altar,3,True,raise adorn altar
pulpy,4,True,raise mulch bully pulpy
blurt,3,True,raise court blurt
coast,3,True,raise slash coast
duchy,3,True,raise mulch duchy
groin,3,True,raise droit groin
fixer,4,True,raise diner liver fixer
group,4,True,raise court furor group
rogue,2,True,raise rogue
badly,4,True,raise tangy bawdy badly
smart,3,True,raise strap smart
pithy,3,True,raise pilot pithy
gaudy,3,True,raise tangy gaudy
chill,3,True,raise glint chill
heron,4,True,raise deter merry heron
vodka,4,True,raise float comma vodka
finer,3,True,raise diner finer
surer,4,True,raise sheer sower surer
radio,2,True,raise radio
rouge,3,True,raise rogue rouge
perch,5,True,raise deter merry heron perch
retch,3,True,raise ruler retch
wrote,3,True,raise trope wrote
clock,3,True,raise mulch clock
tilde,3,True,raise binge tilde
store,3,True,raise spree store
prove,3,True,raise trope prove
bring,3,True,raise print bring
solve,3,True,raise stone solve
cheat,3,True,raise cleat cheat
grime,4,True,raise tripe brine grime
exult,4,True,raise betel dwelt exult
usher,3,True,raise sheer usher
epoch,4,True,raise betel enjoy epoch
triad,3,True,raise briar triad
break,4,True,raise alert dream break
rhino,2,True,raise rhino
viral,3,True,raise trail viral
conic,3,True,raise pilot conic
masse,3,True,raise pause masse
sonic,3,True,raise stoic sonic
vital,3,True,raise tidal vital
trace,3,True,raise grace trace
using,3,True,raise stink using
peach,3,True,raise cleat peach
champ,4,True,raise float aback champ
baton,4,True,raise tangy jaunt baton
brake,4,True,raise grace drake brake
pluck,4,True,raise mulch cluck pluck
craze,4,True,raise grace crate craze
gripe,3,True,raise tripe gripe
weary,4,True,raise alert yearn weary
picky,3,True,raise pilot picky
acute,3,True,raise blade acute
ferry,4,True,raise deter merry ferry
aside,2,True,raise aside
tapir,2,True,raise tapir
troll,4,True,raise court throb troll
unify,3,True,raise glint unify
rebus,2,True,raise rebus
boost,3,True,raise floss boost
truss,3,True,raise crust truss
siege,2,True,raise siege
tiger,5,True,raise diner liver fixer tiger
banal,3,True,raise tangy banal
slump,3,True,raise stunk slump
crank,3,True,raise adorn crank
gorge,4,True,raise trope forge gorge
query,3,True,raise deter query
drink,4,True,raise print bring drink
favor,4,True,raise party valor favor
abbey,4,True,raise cleat beady abbey
tangy,2,True,raise tangy
panic,2,True,raise panic
solar,3,True,raise strap solar
shire,2,True,raise shire
proxy,4,True,raise court prong proxy
point,3,True,raise glint point
robot,3,True,raise ruddy robot
prick,4,True,raise print primo prick
wince,3,True,raise binge wince
crimp,3,True,raise print crimp
knoll,4,True,raise mulch blown knoll
sugar,4,True,raise strap solar sugar
whack,4,True,raise float aback whack
mount,3,True,raise mulch mount
perky,4,True,raise deter merry perky
could,3,True,raise mulch could
wrung,3,True,raise court wrung
light,3,True,raise pilot light
those,3,True,raise loose those
moist,3,True,raise hoist moist
shard,3,True,raise strap shard
pleat,3,True,raise cleat pleat
aloft,3,True,raise float aloft
skill,3,True,raise stink skill
elder,3,True,raise deter elder
frame,4,True,raise grace drake frame
humor,4,True,raise court furor humor
pause,2,True,raise pause
ulcer,4,True,raise deter cower ulcer
ultra,4,True,raise adorn chart ultra
robin,2,True,raise robin
cynic,3,True,raise pilot cynic
agora,3,True,raise adorn agora
aroma,3,True,raise adorn aroma
caulk,4,True,raise tangy macaw caulk
shake,4,True,raise slate spade shake
pupal,3,True,raise float pupal
dodge,4,True,raise lunge wedge dodge
swill,4,True,raise stink spicy swill
tacit,3,True,raise panic tacit
other,4,True,raise deter tuber other
thorn,3,True,raise court thorn
trove,3,True,raise trope trove
bloke,4,True,raise lunge clove bloke
vivid,4,True,raise pilot windy vivid
spill,4,True,raise stink spicy spill
chant,3,True,raise float chant
choke,4,True,raise lunge theme choke
rupee,3,True,raise rogue rupee
nasty,3,True,raise salon nasty
mourn,3,True,raise court mourn
ahead,3,True,raise cleat ahead
brine,3,True,raise tripe brine
cloth,3,True,raise mulch cloth
hoard,3,True,raise adorn hoard
sweet,3,True,raise spelt sweet
month,3,True,raise mulch month
lapse,3,True,raise pause lapse
watch,5,True,raise tangy caput hatch watch
today,3,True,raise float today
focus,4,True,raise stunk pushy focus
smelt,3,True,raise spelt smelt
tease,3,True,raise cease tease
cater,3,True,raise taper cater
movie,3,True,raise binge movie
lynch,3,True,raise mulch lynch
saute,3,True,raise caste saute
allow,3,True,raise float allow
renew,3,True,raise ruler renew
their,3,True,raise diner their
slosh,3,True,raise floss slosh
purge,3,True,raise trope purge
chest,2,True,raise chest
depot,4,True,raise betel depth depot
epoxy,4,True,raise betel enjoy epoxy
nymph,3,True,raise mulch nymph
found,4,True,raise mulch pound found
shall,4,True,raise stalk scald shall
harry,4,True,raise party marry harry
stove,3,True,raise stone stove
lowly,4,True,raise mulch blown lowly
snout,3,True,raise stunk snout
trope,2,True,raise trope
fewer,4,True,raise deter never fewer
shawl,3,True,raise stalk shawl
natal,5,True,raise tangy jaunt baton natal
fibre,2,True,raise fibre
comma,3,True,raise float comma
foray,4,True,raise adorn molar foray
scare,2,True,raise scare
stair,2,True,raise stair
black,3,True,raise float black
squad,3,True,raise stalk squad
royal,2,True,raise royal
chunk,3,True,raise mulch chunk
mince,4,True,raise binge wince mince
slave,3,True,raise slate slave
shame,5,True,raise slate spade shake shame
cheek,3,True,raise betel cheek
ample,3,True,raise blade ample
flair,3,True,raise trail flair
foyer,6,False,raise deter cower hover poker goner
cargo,4,True,raise party carol cargo
oxide,4,True,raise utile opine oxide
plant,3,True,raise float plant
olive,4,True,raise utile glide olive
inert,3,True,raise diner inert
askew,3,True,raise steak askew
heist,2,True,raise heist
shown,3,True,raise stunk shown
zesty,3,True,raise spelt zesty
hasty,3,True,raise salon hasty
trash,3,True,raise crass trash
fella,3,True,raise cleat fella
larva,4,True,raise party carol larva
forgo,4,True,raise court donor forgo
story,3,True,raise short story
hairy,2,True,raise hairy
train,3,True,raise trail train
homer,5,True,raise deter cower hover homer
badge,3,True,raise cable badge
midst,3,True,raise tipsy midst
canny,3,True,raise tangy canny
fetus,4,True,raise spelt zesty fetus
butch,3,True,raise mulch butch
farce,2,True,raise farce
slung,3,True,raise stunk slung
tipsy,2,True,raise tipsy
metal,3,True,raise cleat metal
yield,3,True,raise linen yield
delve,4,True,raise lunge clove delve
being,4,True,raise edict feign being
scour,3,True,raise short scour
glass,3,True,raise slash glass
gamer,4,True,raise taper lager gamer
scrap,3,True,raise strap scrap
money,4,True,raise betel woven money
hinge,3,True,raise binge hinge
album,4,True,raise float black album
vouch,3,True,raise mulch vouch
asset,3,True,raise steak asset
tiara,3,True,raise trail tiara
crept,3,True,raise deter crept
bayou,3,True,raise tangy bayou
atoll,3,True,raise float atoll
manor,5,True,raise party valor major manor
creak,5,True,raise alert dream break creak
showy,4,True,raise stunk scowl showy
phase,4,True,raise cease abase phase
froth,4,True,raise court throb froth
depth,3,True,raise betel depth
gloom,3,True,raise mulch gloom
flood,4,True,raise mulch blown flood
trait,4,True,raise trail train trait
girth,3,True,raise droit girth
piety,3,True,raise linen piety
payer,3,True,raise taper payer
goose,3,True,raise loose goose
float,2,True,raise float
donor,3,True,raise court donor
atone,4,True,raise blade acute atone
primo,3,True,raise print primo
apron,3,True,raise adorn apron
blown,3,True,raise mulch blown
cacao,4,True,raise tangy macaw cacao
loser,3,True,raise sheer loser
input,3,True,raise pilot input
gloat,3,True,raise float gloat
awful,3,True,raise float awful
brink,4,True,raise print bring brink
smite,4,True,raise spine smile smite
beady,3,True,raise cleat beady
rusty,2,True,raise rusty
retro,3,True,raise ruler retro
droll,4,True,raise court prong droll
gawky,4,True,raise tangy gaudy gawky
hutch,5,True,raise mulch butch dutch hutch
pinto,3,True,raise pilot pinto
gaily,3,True,raise faint gaily
egret,4,True,raise deter greet egret
lilac,3,True,raise tidal lilac
sever,3,True,raise sheer sever
field,4,True,raise linen yield field
fluff,4,True,raise mulch flunk fluff
hydro,4,True,raise court fjord hydro
flack,3,True,raise float flack
agape,5,True,raise blade weave agate agape
wench,4,True,raise betel decoy wench
voice,4,True,raise utile opine voice
stead,3,True,raise steak stead
stalk,2,True,raise stalk
berth,3,True,raise deter berth
madam,4,True,raise tangy macaw madam
night,3,True,raise pilot night
bland,4,True,raise float black bland
liver,3,True,raise diner liver
wedge,3,True,raise lunge wedge
augur,4,True,raise adorn altar augur
roomy,3,True,raise ruddy roomy
wacky,4,True,raise tangy bawdy wacky
flock,4,True,raise mulch clock flock
angry,3,True,raise adorn angry
bobby,4,True,raise mulch goody bobby
trite,3,True,raise tripe trite
aphid,3,True,raise tidal aphid
tryst,3,True,raise crust tryst
midge,3,True,raise binge midge
power,4,True,raise deter cower power
elope,5,True,raise lunge clove bloke elope
cinch,4,True,raise pilot windy cinch
motto,3,True,raise mulch motto
stomp,4,True,raise stunk stool stomp
upset,3,True,raise spelt upset
bluff,4,True,raise mulch flunk bluff
cramp,5,True,raise adorn tract crazy cramp
quart,4,True,raise adorn chart quart
coyly,3,True,raise mulch coyly
youth,3,True,raise mulch youth
rhyme,3,True,raise rogue rhyme
buggy,4,True,raise mulch pudgy buggy
alien,2,True,raise alien
smear,2,True,raise smear
unfit,3,True,raise pilot unfit
patty,4,True,raise tangy batty patty
cling,4,True,raise glint fling cling
glean,3,True,raise cleat glean
label,3,True,raise navel label
hunky,4,True,raise mulch ought hunky
khaki,3,True,raise tidal khaki
poker,5,True,raise deter cower hover poker
gruel,3,True,raise deter gruel
twice,3,True,raise utile twice
twang,3,True,raise float twang
shrug,4,True,raise short shrub shrug
treat,4,True,raise alert great treat
unlit,3,True,raise pilot unlit
waste,3,True,raise caste waste
merit,3,True,raise diner merit
woven,3,True,raise betel woven
octal,3,True,raise float octal
needy,3,True,raise betel needy
clown,4,True,raise mulch coyly clown
widow,3,True,raise pilot widow
irony,3,True,raise droit irony
ruder,3,True,raise ruler ruder
gauze,3,True,raise cable gauze
chief,3,True,raise edict chief
onset,3,True,raise spelt onset
prize,4,True,raise tripe pride prize
fungi,4,True,raise pilot cynic fungi
charm,4,True,raise adorn chart charm
gully,4,True,raise mulch bully gully
inter,3,True,raise diner inter
whoop,3,True,raise mulch whoop
taunt,3,True,raise tangy taunt
leery,3,True,raise deter leery
class,4,True,raise slash glass class
theme,3,True,raise lunge theme
lofty,4,True,raise mulch blown lofty
tibia,3,True,raise tidal tibia
booze,4,True,raise lunge theme booze
alpha,4,True,raise float black alpha
thyme,4,True,raise lunge theme thyme
eclat,3,True,raise cleat eclat
doubt,4,True,raise mulch pound doubt
parer,4,True,raise taper payer parer
chute,3,True,raise lunge chute
stick,3,True,raise stink stick
trice,4,True,raise tripe trite trice
alike,2,True,raise alike
sooth,3,True,raise stunk sooth
recap,4,True,raise relay rebar recap
saint,2,True,raise saint
liege,4,True,raise binge midge liege
glory,4,True,raise court fjord glory
grate,4,True,raise grace grade grate
admit,3,True,raise tidal admit
brisk,2,True,raise brisk
soggy,4,True,raise stunk scowl soggy
usurp,3,True,raise short usurp
scald,3,True,raise stalk scald
scorn,3,True,raise short scorn
leave,3,True,raise blade leave
twine,4,True,raise utile twice twine
sting,3,True,raise stink sting
bough,4,True,raise mulch youth bough
marsh,2,True,raise marsh
sloth,4,True,raise stunk sooth sloth
dandy,4,True,raise tangy canny dandy
vigor,3,True,raise droit vigor
howdy,4,True,raise mulch whoop howdy
enjoy,3,True,raise betel enjoy
valid,4,True,raise panic maxim valid
ionic,4,True,raise pilot conic ionic
equal,4,True,raise cleat pedal equal
unset,4,True,raise spelt onset unset
floor,4,True,raise court prong floor
catch,4,True,raise tangy caput catch
spade,3,True,raise slate spade
stein,3,True,raise islet stein
exist,3,True,raise heist exist
quirk,3,True,raise print quirk
denim,3,True,raise linen denim
grove,4,True,raise trope drove grove
spiel,2,True,raise spiel
mummy,3,True,raise mulch mummy
fault,4,True,raise tangy caput fault
foggy,4,True,raise mulch goody foggy
flout,4,True,raise mulch flunk flout
carry,5,True,raise party marry harry carry
sneak,3,True,raise steak sneak
libel,3,True,raise linen libel
waltz,4,True,raise tangy caput waltz
aptly,3,True,raise float aptly
piney,3,True,raise linen piney
inept,3,True,raise linen inept
aloud,3,True,raise float aloud
photo,4,True,raise mulch whoop photo
dream,3,True,raise alert dream
stale,3,True,raise slate stale
vomit,3,True,raise pilot vomit
ombre,4,True,raise trope forge ombre
fanny,4,True,raise tangy canny fanny
unite,3,True,raise utile unite
snarl,5,True,raise strap shard scarf snarl
baker,4,True,raise taper lager baker
there,3,True,raise trope there
glyph,3,True,raise mulch glyph
pooch,4,True,raise mulch notch pooch
hippy,3,True,raise pilot hippy
spell,3,True,raise spelt spell
folly,3,True,raise mulch folly
louse,3,True,raise loose louse
gulch,3,True,raise mulch gulch
vault,5,True,raise tangy caput fault vault
godly,5,True,raise mulch blown lofty godly
threw,3,True,raise deter threw
fleet,3,True,raise betel fleet
grave,5,True,raise grace grade grate grave
inane,2,True,raise inane
shock,3,True,raise stunk shock
crave,5,True,raise grace crate craze crave
spite,4,True,raise spine spike spite
valve,4,True,raise cable halve valve
skimp,4,True,raise stink skill skimp
claim,3,True,raise tidal claim
rainy,2,True,raise rainy
musty,4,True,raise stunk lusty musty
pique,4,True,raise binge tilde pique
daddy,4,True,raise tangy bawdy daddy
quasi,2,True,raise quasi
arise,2,True,raise arise
aging,3,True,raise align aging
valet,3,True,raise navel valet
opium,4,True,raise glint quick opium
avert,3,True,raise alert avert
stuck,3,True,raise stunk stuck
recut,4,True,raise ruler rebut recut
mulch,2,True,raise mulch
genre,4,True,raise trope nerve genre
plume,4,True,raise lunge flume plume
rifle,2,True,raise rifle
count,3,True,raise mulch count
incur,3,True,raise droit incur
total,4,True,raise float octal total
wrest,4,True,raise cress fresh wrest
mocha,4,True,raise float comma mocha
deter,2,True,raise deter
study,3,True,raise stunk study
lover,5,True,raise deter cower hover lover
safer,2,True,raise safer
rivet,2,True,raise rivet
funny,4,True,raise mulch pudgy funny
smoke,4,True,raise stone scope smoke
mound,4,True,raise mulch mount mound
undue,3,True,raise lunge undue
sedan,3,True,raise steak sedan
pagan,3,True,raise tangy pagan
swine,3,True,raise spine swine
guile,3,True,raise utile guile
gusty,5,True,raise stunk lusty musty gusty
equip,4,True,raise linen fetid equip
tough,4,True,raise mulch youth tough
canoe,3,True,raise cable canoe
chaos,3,True,raise stalk chaos
covet,4,True,raise betel unmet covet
human,3,True,raise float human
udder,3,True,raise deter udder
lunch,3,True,raise mulch lunch
blast,3,True,raise slash blast
stray,3,True,raise strap stray
manga,3,True,raise tangy manga
melee,4,True,raise lunge clove melee
lefty,3,True,raise betel lefty
quick,3,True,raise glint quick
paste,4,True,raise caste waste paste
given,3,True,raise linen given
octet,4,True,raise betel totem octet
risen,2,True,raise risen
groan,3,True,raise adorn groan
leaky,4,True,raise cleat fella leaky
grind,4,True,raise print bring grind
carve,3,True,raise farce carve
loose,2,True,raise loose
sadly,3,True,raise salon sadly
spilt,4,True,raise stink swift spilt
apple,4,True,raise blade ample apple
slack,3,True,raise stalk slack
honey,5,True,raise betel woven money honey
final,3,True,raise tidal final
sheen,4,True,raise spelt seedy sheen
eerie,3,True,raise fibre eerie
minty,5,True,raise pilot width kitty minty
slick,3,True,raise stink slick
derby,3,True,raise deter derby
wharf,4,True,raise adorn chart wharf
spelt,2,True,raise spelt
coach,4,True,raise float comma coach
erupt,4,True,raise deter crept erupt
singe,3,True,raise siege singe
price,5,True,raise tripe pride prize price
spawn,4,True,raise stalk swamp spawn
fairy,3,True,raise hairy fairy
jiffy,4,True,raise pilot windy jiffy
filmy,3,True,raise pilot filmy
stack,3,True,raise stalk stack
chose,4,True,raise loose those chose
sleep,3,True,raise spelt sleep
ardor,3,True,raise adorn ardor
nanny,5,True,raise tangy canny fanny nanny
niece,3,True,raise binge niece
woozy,5,True,raise mulch goody booby woozy
handy,5,True,raise tangy canny dandy handy
grace,2,True,raise grace
ditto,3,True,raise pilot ditto
stank,4,True,raise stalk stack stank
cream,4,True,raise alert dream cream
usual,3,True,raise stalk usual
diode,4,True,raise binge tilde diode
valor,3,True,raise party valor
angle,4,True,raise blade ample angle
ninja,3,True,raise tidal ninja
muddy,4,True,raise mulch mummy muddy
chase,3,True,raise cease chase
reply,3,True,raise ruler reply
prone,4,True,raise trope prove prone
spoil,3,True,raise stoic spoil
heart,3,True,raise alert heart
shade,4,True,raise slate spade shade
diner,2,True,raise diner
arson,3,True,raise strap arson
onion,4,True,raise glint unify onion
sleet,3,True,raise spelt sleet
dowel,3,True,raise betel dowel
couch,4,True,raise mulch vouch couch
palsy,3,True,raise salsa palsy
bowel,3,True,raise betel bowel
smile,3,True,raise spine smile
evoke,4,True,raise lunge theme evoke
creek,4,True,raise deter creep creek
lance,3,True,raise cable lance
eagle,3,True,raise cable eagle
idiot,3,True,raise glint idiot
siren,3,True,raise miser siren
built,3,True,raise glint built
embed,3,True,raise betel embed
award,3,True,raise adorn award
dross,3,True,raise crust dross
annul,4,True,raise float qualm annul
goody,3,True,raise mulch goody
frown,4,True,raise court prong frown
patio,3,True,raise panic patio
laden,3,True,raise navel laden
humid,4,True,raise pilot cynic humid
elite,3,True,raise utile elite
lymph,3,True,raise mulch lymph
edify,3,True,raise edict edify
might,4,True,raise pilot night might
reset,3,True,raise rebus reset
visit,3,True,raise stoic visit
gusto,4,True,raise stunk lusty gusto
purse,2,True,raise purse
vapor,3,True,raise party vapor
crock,4,True,raise court crown crock
write,3,True,raise tripe write
sunny,3,True,raise stunk sunny
loath,3,True,raise float loath
chaff,3,True,raise float chaff
slide,4,True,raise spine smile slide
queer,3,True,raise deter queer
venom,4,True,raise betel decoy venom
stamp,5,True,raise stalk staff stand stamp
sorry,3,True,raise short sorry
still,3,True,raise stink still
acorn,3,True,raise adorn acorn
aping,4,True,raise align aging aping
pushy,3,True,raise stunk pushy
tamer,3,True,raise taper tamer
hater,4,True,raise taper cater hater
mania,3,True,raise panic mania
awoke,4,True,raise blade acute awoke
brawn,3,True,raise adorn brawn
swift,3,True,raise stink swift
exile,3,True,raise utile exile
birch,4,True,raise droit incur birch
lucky,3,True,raise mulch lucky
freer,4,True,raise deter queer freer
risky,2,True,raise risky
ghost,4,True,raise floss boost ghost
plier,3,True,raise fried plier
lunar,4,True,raise adorn crank lunar
winch,4,True,raise pilot windy winch
snare,3,True,raise scare snare
nurse,3,True,raise purse nurse
house,3,True,raise loose house
borax,5,True,raise adorn molar foray borax
nicer,3,True,raise diner nicer
lurch,3,True,raise court lurch
exalt,4,True,raise cleat leant exalt
about,3,True,raise float about
savvy,3,True,raise salon savvy
toxin,3,True,raise pilot toxin
tunic,3,True,raise pilot tunic
pried,3,True,raise fried pried
inlay,3,True,raise tidal inlay
chump,3,True,raise mulch chump
lanky,5,True,raise tangy canny dandy lanky
cress,2,True,raise cress
eater,5,True,raise taper cater hater eater
elude,4,True,raise lunge flume elude
cycle,4,True,raise lunge clove cycle
kitty,4,True,raise pilot width kitty
boule,4,True,raise lunge flume boule
moron,4,True,raise court donor moron
tenet,3,True,raise betel tenet
place,4,True,raise blade plate place
lobby,4,True,raise mulch blown lobby
plush,4,True,raise floss blush plush
vigil,3,True,raise pilot vigil
index,3,True,raise linen index
blink,3,True,raise glint blink
clung,4,True,raise mulch could clung
qualm,3,True,raise float qualm
croup,3,True,raise court croup
clink,4,True,raise glint blink clink
juicy,4,True,raise glint quick juicy
stage,3,True,raise slate stage
decay,3,True,raise cleat decay
nerve,3,True,raise trope nerve
flier,3,True,raise fried flier
shaft,3,True,raise stalk shaft
crook,5,True,raise court crown crock crook
clean,3,True,raise cleat clean
china,3,True,raise align china
ridge,3,True,raise rifle ridge
vowel,4,True,raise betel dowel vowel
gnome,3,True,raise lunge gnome
snuck,3,True,raise stunk snuck
icing,4,True,raise glint doing icing
spiny,4,True,raise stink suing spiny
rigor,3,True,raise robin rigor
snail,2,True,raise snail
flown,4,True,raise mulch blown flown
rabid,3,True,raise radio rabid
prose,3,True,raise purse prose
thank,4,True,raise float twang thank
poppy,5,True,raise mulch goody bobby poppy
budge,3,True,raise lunge budge
fiber,5,True,raise diner liver fixer fiber
moldy,3,True,raise mulch moldy
dowdy,4,True,raise mulch goody dowdy
kneel,3,True,raise betel kneel
track,4,True,raise adorn tract track
caddy,5,True,raise tangy bawdy daddy caddy
quell,3,True,raise betel quell
dumpy,3,True,raise mulch dumpy
paler,5,True,raise taper payer parer paler
swore,4,True,raise spree store swore
rebar,3,True,raise relay rebar
scuba,4,True,raise stalk squad scuba
splat,3,True,raise stalk splat
flyer,5,True,raise deter cower buyer flyer
horny,4,True,raise court donor horny
mason,3,True,raise salon mason
doing,3,True,raise glint doing
ozone,3,True,raise lunge ozone
amply,4,True,raise float qualm amply
molar,3,True,raise adorn molar
ovary,3,True,raise adorn ovary
beset,4,True,raise spelt onset beset
queue,3,True,raise lunge queue
cliff,4,True,raise glint flick cliff
magic,3,True,raise panic magic
truce,3,True,raise trope truce
sport,3,True,raise short sport
fritz,3,True,raise print fritz
edict,2,True,raise edict
twirl,3,True,raise print twirl
verse,3,True,raise purse verse
llama,4,True,raise float black llama
eaten,4,True,raise navel taken eaten
range,2,True,raise range
whisk,3,True,raise hoist whisk
hovel,4,True,raise betel dowel hovel
rehab,4,True,raise relay rebar rehab
macaw,3,True,raise tangy macaw
sigma,3,True,raise snail sigma
spout,3,True,raise stunk spout
verve,4,True,raise trope nerve verve
sushi,4,True,raise stoic silky sushi
dying,4,True,raise glint doing dying
fetid,3,True,raise linen fetid
brain,4,True,raise trail braid brain
buddy,4,True,raise mulch pudgy buddy
thump,4,True,raise mulch thumb thump
scion,3,True,raise stink scion
candy,4,True,raise tangy canny candy
chord,3,True,raise court chord
basin,3,True,raise basic basin
march,4,True,raise party carol march
crowd,4,True,raise court crown crowd
arbor,3,True,raise adorn arbor
gayly,5,True,raise tangy gaudy gawky gayly
musky,3,True,raise stunk musky
stain,3,True,raise snail stain
dally,4,True,raise tangy bawdy dally
bless,3,True,raise chest bless
bravo,4,True,raise adorn molar bravo
stung,3,True,raise stunk stung
title,4,True,raise binge tilde title
ruler,2,True,raise ruler
kiosk,3,True,raise tipsy kiosk
blond,4,True,raise mulch blown blond
ennui,3,True,raise linen ennui
layer,4,True,raise taper lager layer
fluid,3,True,raise pilot fluid
tatty,3,True,raise tangy tatty
score,5,True,raise spree store swore score
cutie,4,True,raise binge movie cutie
zebra,4,True,raise alert yearn zebra
barge,3,True,raise farce barge
matey,3,True,raise navel matey
bluer,5,True,raise deter cower buyer bluer
aider,2,True,raise aider
shook,4,True,raise stunk shock shook
river,3,True,raise rivet river
privy,5,True,raise print primo prick privy
betel,2,True,raise betel
frisk,3,True,raise brisk frisk
bongo,4,True,raise mulch goody bongo
begun,4,True,raise betel bench begun
azure,3,True,raise grace azure
weave,3,True,raise blade weave
genie,3,True,raise binge genie
sound,4,True,raise stunk slung sound
glove,3,True,raise lunge glove
braid,3,True,raise trail braid
scope,3,True,raise stone scope
wryly,3,True,raise court wryly
rover,3,True,raise ruler rover
assay,3,True,raise stalk assay
ocean,3,True,raise cleat ocean
bloom,4,True,raise mulch gloom bloom
irate,2,True,raise irate
later,6,True,raise taper cater hater eater later
woken,4,True,raise betel woven woken
silky,3,True,raise stoic silky
wreck,4,True,raise deter query wreck
dwelt,3,True,raise betel dwelt
slate,2,True,raise slate
smack,4,True,raise stalk shank smack
solid,3,True,raise stoic solid
amaze,5,True,raise blade weave agate amaze
hazel,4,True,raise navel label hazel
wrist,4,True,raise brisk prism wrist
jolly,4,True,raise mulch folly jolly
globe,4,True,raise lunge glove globe
flint,3,True,raise glint flint
rouse,2,True,raise rouse
civil,4,True,raise pilot vigil civil
vista,3,True,raise snail vista
relax,3,True,raise relay relax
cover,4,True,raise deter cower cover
alive,3,True,raise alike alive
beech,3,True,raise betel beech
jetty,3,True,raise betel jetty
bliss,3,True,raise hoist bliss
vocal,4,True,raise float local vocal
often,4,True,raise betel totem often
dolly,5,True,raise mulch folly jolly dolly
eight,4,True,raise linen piety eight
joker,6,True,raise deter cower hover poker joker
since,3,True,raise siege since
event,3,True,raise betel event
ensue,3,True,raise stone ensue
shunt,3,True,raise stunk shunt
diver,3,True,raise diner diver
poser,4,True,raise sheer loser poser
worst,3,True,raise crust worst
sweep,3,True,raise spelt sweep
alley,3,True,raise cleat alley
creed,3,True,raise deter creed
anime,3,True,raise alike anime
leafy,4,True,raise cleat fella leafy
bosom,3,True,raise stunk bosom
dunce,3,True,raise lunge dunce
stare,4,True,raise scare snare stare
pudgy,3,True,raise mulch pudgy
waive,2,True,raise waive
choir,3,True,raise droit choir
stood,4,True,raise stunk stool stood
spoke,4,True,raise stone scope spoke
outgo,4,True,raise mulch pudgy outgo
delay,4,True,raise cleat pedal delay
bilge,3,True,raise binge bilge
ideal,2,True,raise ideal
clasp,4,True,raise slash blast clasp
seize,4,True,raise spine smile seize
hotly,3,True,raise mulch hotly
laugh,3,True,raise tangy laugh
sieve,3,True,raise siege sieve
block,5,True,raise mulch clock flock block
meant,3,True,raise cleat meant
grape,6,True,raise grace grade grate grave grape
noose,4,True,raise loose goose noose
hardy,4,True,raise party marry hardy
shied,3,True,raise spiel shied
drawl,3,True,raise adorn drawl
daisy,2,True,raise daisy
putty,4,True,raise mulch pudgy putty
strut,3,True,raise short strut
burnt,3,True,raise court burnt
tulip,3,True,raise pilot tulip
crick,4,True,raise print grill crick
idyll,4,True,raise pilot fluid idyll
vixen,4,True,raise linen given vixen
furor,3,True,raise court furor
geeky,4,True,raise betel needy geeky
cough,3,True,raise mulch cough
naive,3,True,raise waive naive
shoal,3,True,raise stalk shoal
stork,4,True,raise short story stork
bathe,4,True,raise cable badge bathe
aunty,4,True,raise float twang aunty
check,4,True,raise betel enjoy check
prime,6,True,raise tripe pride prize price prime
brass,3,True,raise crass brass
outer,3,True,raise deter outer
furry,3,True,raise court furry
razor,4,True,raise randy rajah razor
elect,3,True,raise betel elect
evict,3,True,raise edict evict
imply,3,True,raise pilot imply
demur,3,True,raise deter demur
quota,3,True,raise float quota
haven,3,True,raise navel haven
cavil,4,True,raise panic tacit cavil
swear,3,True,raise smear swear
crump,3,True,raise court crump
dough,5,True,raise mulch youth bough dough
gavel,3,True,raise navel gavel
wagon,4,True,raise tangy pagan wagon
salon,2,True,raise salon
nudge,3,True,raise lunge nudge
harem,3,True,raise taper harem
pitch,4,True,raise pilot pithy pitch
sworn,4,True,raise short scorn sworn
pupil,3,True,raise pilot pupil
excel,4,True,raise betel kneel excel
stony,3,True,raise stunk stony
cabin,3,True,raise panic cabin
unzip,3,True,raise pilot unzip
queen,4,True,raise betel cheek queen
trout,3,True,raise court trout
polyp,4,True,raise mulch folly polyp
earth,3,True,raise taper earth
storm,5,True,raise short story stork storm
until,3,True,raise pilot until
taper,2,True,raise taper
enter,3,True,raise deter enter
child,4,True,raise glint chill child
adopt,4,True,raise float about adopt
minor,4,True,raise droit vigor minor
fatty,5,True,raise tangy batty patty fatty
husky,4,True,raise stunk musky husky
brave,5,True,raise grace drake frame brave
filet,3,True,raise linen filet
slime,4,True,raise spine smile slime
glint,2,True,raise glint
tread,3,True,raise alert tread
steal,4,True,raise steak stead steal
regal,3,True,raise relay regal
guest,3,True,raise chest guest
every,3,True,raise deter every
murky,3,True,raise court murky
share,5,True,raise scare snare stare share
spore,3,True,raise spree spore
hoist,2,True,raise hoist
buxom,4,True,raise mulch dumpy buxom
inner,3,True,raise diner inner
otter,4,True,raise deter outer otter
dimly,4,True,raise pilot vigil dimly
level,3,True,raise betel level
sumac,4,True,raise stalk squad sumac
donut,4,True,raise mulch pound donut
stilt,4,True,raise stink still stilt
arena,3,True,raise alert arena
sheet,4,True,raise spelt sweet sheet
scrub,3,True,raise short scrub
fancy,4,True,raise tangy canny fancy
slimy,4,True,raise stink spicy slimy
pearl,3,True,raise alert pearl
silly,4,True,raise stoic silky silly
porch,3,True,raise court porch
dingo,3,True,raise pilot dingo
sepia,2,True,raise sepia
amble,3,True,raise blade amble
shady,4,True,raise stalk swamp shady
bread,4,True,raise alert dream bread
friar,3,True,raise briar friar
reign,2,True,raise reign
dairy,4,True,raise hairy fairy dairy
quill,4,True,raise glint chill quill
cross,3,True,raise crust cross
brood,5,True,raise court prong droll brood
tuber,3,True,raise deter tuber
shear,4,True,raise smear swear shear
posit,3,True,raise stoic posit
blank,4,True,raise float black blank
villa,3,True,raise tidal villa
shank,3,True,raise stalk shank
piggy,4,True,raise pilot picky piggy
freak,6,True,raise alert dream break creak freak
which,4,True,raise glint quick which
among,3,True,raise float among
fecal,3,True,raise cleat fecal
shell,3,True,raise spelt shell
would,4,True,raise mulch flunk would
algae,4,True,raise blade alone algae
large,4,True,raise farce barge large
rabbi,3,True,raise radio rabbi
agony,4,True,raise float among agony
amuse,3,True,raise cease amuse
bushy,4,True,raise stunk pushy bushy
copse,4,True,raise loose house copse
swoon,4,True,raise stunk shown swoon
knife,4,True,raise utile opine knife
pouch,5,True,raise mulch vouch couch pouch
ascot,3,True,raise stalk ascot
plane,5,True,raise blade plate place plane
crown,3,True,raise court crown
urban,4,True,raise adorn brawn urban
snide,3,True,raise spine snide
relay,2,True,raise relay
abide,4,True,raise alike anime abide
viola,4,True,raise tidal villa viola
rajah,3,True,raise randy rajah
straw,4,True,raise strap stray straw
dilly,4,True,raise pilot filmy dilly
crash,3,True,raise crass crash
amass,3,True,raise slash amass
third,4,True,raise print twirl third
trick,4,True,raise print fritz trick
tutor,3,True,raise court tutor
woody,4,True,raise mulch goody woody
blurb,3,True,raise court blurb
grief,3,True,raise fried grief
disco,3,True,raise stoic disco
where,4,True,raise trope nerve where
sassy,3,True,raise salsa sassy
beach,4,True,raise cleat peach beach
sauna,3,True,raise salon sauna
comic,4,True,raise pilot conic comic
clued,4,True,raise betel golem clued
creep,3,True,raise deter creep
caste,2,True,raise caste
graze,6,False,raise grace grade grate grave grape
snuff,3,True,raise stunk snuff
frock,3,True,raise court frock
gonad,3,True,raise float gonad
drunk,4,True,raise court wrung drunk
prong,3,True,raise court prong
lurid,3,True,raise droit lurid
steel,3,True,raise spelt steel
halve,3,True,raise cable halve
buyer,4,True,raise deter cower buyer
vinyl,4,True,raise pilot vigil vinyl
utile,2,True,raise utile
smell,4,True,raise spelt shell smell
adage,3,True,raise blade adage
worry,4,True,raise court dowry worry
tasty,4,True,raise salon hasty tasty
local,3,True,raise float local
trade,4,True,raise grace drake trade
finch,5,True,raise pilot windy cinch finch
ashen,3,True,raise steak ashen
modal,4,True,raise float local modal
gaunt,3,True,raise tangy gaunt
clove,3,True,raise lunge clove
enact,3,True,raise cleat enact
adorn,2,True,raise adorn
roast,2,True,raise roast
speck,4,True,raise spelt spend speck
sheik,3,True,raise islet sheik
missy,4,True,raise tipsy sissy missy
grunt,3,True,raise court grunt
snoop,4,True,raise stunk shown snoop
party,2,True,raise party
touch,6,True,raise mulch vouch couch pouch touch
mafia,4,True,raise panic maxim mafia
emcee,4,True,raise lunge theme emcee
array,4,True,raise adorn altar array
south,3,True,raise stunk south
vapid,3,True,raise panic vapid
jelly,4,True,raise betel cello jelly
skulk,3,True,raise stunk skulk
angst,3,True,raise slash angst
tubal,3,True,raise float tubal
lower,5,True,raise deter cower power lower
crest,3,True,raise cress crest
sweat,3,True,raise steak sweat
cyber,4,True,raise deter cower cyber
adore,4,True,raise grace azure adore
tardy,3,True,raise party tardy
swami,3,True,raise snail swami
notch,3,True,raise mulch notch
groom,5,True,raise court prong growl groom
roach,3,True,raise royal roach
hitch,4,True,raise pilot width hitch
young,4,True,raise mulch pound young
align,2,True,raise align
ready,3,True,raise relay ready
frond,4,True,raise court prong frond
strap,2,True,raise strap
puree,4,True,raise trope purge puree
realm,3,True,raise relay realm
venue,3,True,raise lunge venue
swarm,6,True,raise strap shard scarf snarl swarm
offer,4,True,raise deter cower offer
seven,3,True,raise spelt seven
dryer,3,True,raise deter dryer
diary,3,True,raise trail diary
dryly,4,True,raise court wryly dryly
drank,4,True,raise adorn brand drank
acrid,3,True,raise trail acrid
heady,4,True,raise cleat beady heady
theta,3,True,raise cleat theta
junto,4,True,raise mulch pudgy junto
pixie,5,True,raise binge tilde pique pixie
quoth,3,True,raise mulch quoth
bonus,3,True,raise stunk bonus
shalt,3,True,raise stalk shalt
penne,3,True,raise lunge penne
amend,4,True,raise cleat enema amend
datum,4,True,raise tangy caput datum
build,4,True,raise glint chill build
piano,4,True,raise tidal ninja piano
shelf,4,True,raise spelt shell shelf
lodge,3,True,raise lunge lodge
suing,3,True,raise stink suing
rearm,4,True,raise relay react rearm
coral,4,True,raise adorn molar coral
ramen,2,True,raise ramen
worth,4,True,raise court forth worth
psalm,3,True,raise stalk psalm
infer,4,True,raise diner inter infer
overt,4,True,raise deter crept overt
mayor,3,True,raise party mayor
ovoid,4,True,raise pilot conic ovoid
glide,3,True,raise utile glide
usage,3,True,raise slate usage
poise,2,True,raise poise
randy,2,True,raise randy
chuck,3,True,raise mulch chuck
prank,4,True,raise adorn crank prank
fishy,3,True,raise stoic fishy
tooth,3,True,raise mulch tooth
ether,3,True,raise deter ether
drove,3,True,raise trope drove
idler,3,True,raise diner idler
swath,4,True,raise stalk shaft swath
stint,4,True,raise stink sting stint
while,4,True,raise utile exile while
begat,3,True,raise cleat begat
apply,4,True,raise float qualm apply
slang,4,True,raise stalk shawl slang
tarot,3,True,raise party tarot
radar,3,True,raise randy radar
credo,3,True,raise deter credo
aware,4,True,raise grace blare aware
canon,4,True,raise tangy banal canon
shift,4,True,raise stink swift shift
timer,6,True,raise diner liver fixer tiger timer
bylaw,4,True,raise float pupal bylaw
serum,3,True,raise sheer serum
three,4,True,raise trope there three
steak,2,True,raise steak
iliac,3,True,raise align iliac
shirk,2,True,raise shirk
blunt,4,True,raise mulch flunk blunt
puppy,5,True,raise mulch pudgy putty puppy
penal,4,True,raise cleat pedal penal
joist,4,True,raise hoist moist joist
bunny,5,True,raise mulch pudgy funny bunny
shape,4,True,raise slate spade shape
beget,3,True,raise betel beget
wheel,4,True,raise betel kneel wheel
adept,3,True,raise cleat adept
stunt,4,True,raise stunk stung stunt
stole,4,True,raise stone stove stole
topaz,4,True,raise float today topaz
chore,3,True,raise trope chore
fluke,4,True,raise lunge flume fluke
afoot,3,True,raise float afoot
bloat,4,True,raise float gloat bloat
bully,3,True,raise mulch bully
dense,3,True,raise loose dense
caper,4,True,raise taper paper caper
sneer,3,True,raise sheer sneer
boxer,6,False,raise deter cower hover poker goner
jumbo,4,True,raise mulch dumpy jumbo
lunge,2,True,raise lunge
space,4,True,raise slate spade space
avail,3,True,raise tidal avail
short,2,True,raise short
slurp,3,True,raise short slurp
loyal,4,True,raise float local loyal
flirt,3,True,raise print flirt
pizza,4,True,raise tidal ninja pizza
conch,4,True,raise mulch notch conch
tempo,4,True,raise betel depth tempo
droop,4,True,raise court prong droop
plate,3,True,raise blade plate
bible,4,True,raise binge biome bible
plunk,4,True,raise mulch flunk plunk
afoul,3,True,raise float afoul
savoy,3,True,raise salon savoy
steep,3,True,raise spelt steep
agile,3,True,raise alike agile
stake,4,True,raise slate stage stake
dwell,4,True,raise betel quell dwell
knave,4,True,raise blade weave knave
beard,4,True,raise alert yearn beard
arose,2,True,raise arose
motif,4,True,raise pilot toxin motif
smash,3,True,raise slash smash
broil,4,True,raise droit groin broil
glare,3,True,raise grace glare
shove,5,True,raise stone scope smoke shove
baggy,3,True,raise tangy baggy
mammy,4,True,raise tangy bawdy mammy
swamp,3,True,raise stalk swamp
along,4,True,raise float aloud along
rugby,3,True,raise ruddy rugby
wager,4,True,raise taper lager wager
quack,5,True,raise float aback whack quack
squat,3,True,raise stalk squat
snaky,3,True,raise stalk snaky
debit,4,True,raise linen fetid debit
mange,4,True,raise cable gauze mange
skate,3,True,raise slate skate
ninth,4,True,raise pilot width ninth
joust,3,True,raise floss joust
tramp,5,True,raise adorn tract trawl tramp
spurn,4,True,raise short slurp spurn
medal,4,True,raise cleat pedal medal
micro,4,True,raise droit vigor micro
rebel,3,True,raise ruler rebel
flank,4,True,raise float flack flank
learn,4,True,raise alert pearl learn
nadir,3,True,raise tapir nadir
maple,4,True,raise cable eagle maple
comfy,3,True,raise mulch comfy
remit,3,True,raise rivet remit
gruff,4,True,raise court wrung gruff
ester,3,True,raise sheer ester
least,2,True,raise least
mogul,4,True,raise mulch moult mogul
fetch,4,True,raise betel jetty fetch
cause,3,True,raise pause cause
oaken,4,True,raise navel taken oaken
aglow,4,True,raise float koala aglow
meaty,4,True,raise cleat heath meaty
gaffe,4,True,raise cable gauze gaffe
shyly,4,True,raise stunk scowl shyly
racer,3,True,raise ramen racer
prowl,5,True,raise court prong proxy prowl
thief,3,True,raise edict thief
stern,3,True,raise sheer stern
poesy,4,True,raise chest bless poesy
rocky,4,True,raise ruddy roomy rocky
tweet,4,True,raise betel tweed tweet
waist,3,True,raise daisy waist
spire,3,True,raise shire spire
grope,3,True,raise trope grope
havoc,5,True,raise tangy macaw caulk havoc
patsy,3,True,raise salsa patsy
truly,3,True,raise court truly
forty,4,True,raise court forth forty
deity,3,True,raise edict deity
uncle,3,True,raise lunge uncle
swish,4,True,raise hoist whisk swish
giver,4,True,raise diner liver giver
preen,4,True,raise deter creep preen
bevel,3,True,raise betel bevel
lemur,3,True,raise deter lemur
draft,4,True,raise adorn drawl draft
slope,4,True,raise stone scope slope
annoy,4,True,raise float comma annoy
lingo,3,True,raise pilot lingo
bleak,4,True,raise cleat glean bleak
ditty,4,True,raise pilot width ditty
curly,3,True,raise court curly
cedar,3,True,raise alert cedar
dirge,3,True,raise fibre dirge
grown,4,True,raise court prong grown
horde,4,True,raise trope forge horde
drool,5,True,raise court prong droll drool
shuck,4,True,raise stunk skulk shuck
crypt,3,True,raise court crypt
cumin,4,True,raise pilot cynic cumin
stock,3,True,raise stunk stock
gravy,4,True,raise adorn tract gravy
locus,5,True,raise stunk pushy focus locus
wider,3,True,raise diner wider
breed,4,True,raise deter creed breed
quite,3,True,raise utile quite
chafe,5,True,raise blade weave agate chafe
cache,4,True,raise cable canoe cache
blimp,4,True,raise glint flick blimp
deign,3,True,raise edict deign
fiend,3,True,raise linen fiend
logic,3,True,raise pilot logic
cheap,3,True,raise cleat cheap
elide,4,True,raise utile glide elide
rigid,3,True,raise robin rigid
false,4,True,raise pause masse false
renal,4,True,raise relay regal renal
pence,4,True,raise lunge penne pence
rowdy,3,True,raise ruddy rowdy
shoot,4,True,raise stunk sooth shoot
blaze,3,True,raise blade blaze
envoy,4,True,raise betel enjoy envoy
posse,5,True,raise loose house copse posse
brief,4,True,raise fried grief brief
never,3,True,raise deter never
abort,4,True,raise adorn agora abort
mouse,4,True,raise loose house mouse
mucky,3,True,raise mulch mucky
sulky,3,True,raise stunk sulky
fiery,3,True,raise diner fiery
media,3,True,raise ideal media
trunk,4,True,raise court truly trunk
yeast,3,True,raise least yeast
clear,3,True,raise alert clear
skunk,3,True,raise stunk skunk
scalp,4,True,raise stalk scald scalp
bitty,5,True,raise pilot width kitty bitty
cider,4,True,raise diner wider cider
koala,3,True,raise float koala
duvet,4,True,raise betel unmet duvet
segue,3,True,raise stone segue
creme,3,True,raise trope creme
super,5,True,raise sheer sower surer super
grill,3,True,raise print grill
after,3,True,raise alert after
owner,4,True,raise deter cower owner
ember,4,True,raise deter queer ember
reach,4,True,raise relay react reach
nobly,4,True,raise mulch blown nobly
empty,3,True,raise betel empty
speed,4,True,raise spelt spend speed
gipsy,3,True,raise tipsy gipsy
recur,3,True,raise ruler recur
smock,4,True,raise stunk shock smock
dread,4,True,raise alert dream dread
merge,4,True,raise trope nerve merge
burst,3,True,raise crust burst
kappa,4,True,raise tangy macaw kappa
amity,3,True,raise align amity
shaky,4,True,raise stalk snaky shaky
hover,4,True,raise deter cower hover
carol,3,True,raise party carol
snort,4,True,raise short sport snort
synod,4,True,raise stunk shown synod
faint,2,True,raise faint
haunt,4,True,raise tangy jaunt haunt
flour,4,True,raise court furor flour
chair,3,True,raise trail chair
detox,5,True,raise betel jetty fetch detox
shrew,3,True,raise sheer shrew
tense,4,True,raise loose dense tense
plied,4,True,raise edict deign plied
quark,4,True,raise adorn chart quark
burly,4,True,raise court murky burly
novel,5,True,raise betel dowel hovel novel
waxen,4,True,raise navel taken waxen
stoic,2,True,raise stoic
jerky,5,True,raise deter merry perky jerky
blitz,3,True,raise glint blitz
beefy,4,True,raise betel beech beefy
lyric,3,True,raise droit lyric
hussy,3,True,raise floss hussy
towel,3,True,raise betel towel
quilt,4,True,raise glint built quilt
below,5,True,raise betel belly belch below
bingo,4,True,raise pilot dingo bingo
wispy,4,True,raise stoic fishy wispy
brash,4,True,raise crass trash brash
scone,3,True,raise stone scone
toast,4,True,raise slash coast toast
easel,2,True,raise easel
saucy,4,True,raise salon savvy saucy
value,4,True,raise cable halve value
spice,5,True,raise spine spike spite spice
honor,4,True,raise court donor honor
route,3,True,raise rogue route
sharp,3,True,raise strap sharp
bawdy,3,True,raise tangy bawdy
radii,3,True,raise radio radii
skull,3,True,raise stunk skull
phony,4,True,raise mulch whoop phony
issue,3,True,raise siege issue
lager,3,True,raise taper lager
swell,5,True,raise spelt shell smell swell
urine,4,True,raise tripe brine urine
gassy,3,True,raise salsa gassy
trial,4,True,raise briar triad trial
flora,3,True,raise adorn flora
upper,5,True,raise deter cower buyer upper
latch,6,True,raise tangy caput hatch watch latch
wight,5,True,raise pilot night might wight
brick,5,True,raise print grill crick brick
retry,4,True,raise ruler retro retry
holly,3,True,raise mulch holly
decal,4,True,raise cleat fecal decal
grass,4,True,raise crass brass grass
shack,4,True,raise stalk shank shack
dogma,4,True,raise float comma dogma
mover,6,True,raise deter cower hover lover mover
defer,3,True,raise deter defer
sober,4,True,raise sheer sower sober
optic,3,True,raise pilot optic
crier,3,True,raise fried crier
vying,5,True,raise glint doing icing vying
nomad,4,True,raise float gonad nomad
flute,5,True,raise lunge flume fluke flute
hippo,3,True,raise pilot hippo
shark,4,True,raise strap shard shark
drier,3,True,raise fried drier
obese,3,True,raise loose obese
bugle,3,True,raise lunge bugle
tawny,3,True,raise tangy tawny
chalk,4,True,raise float qualm chalk
feast,4,True,raise least yeast feast
ruddy,2,True,raise ruddy
pedal,3,True,raise cleat pedal
scarf,4,True,raise strap shard scarf
cruel,4,True,raise deter gruel cruel
bleat,4,True,raise cleat pleat bleat
tidal,2,True,raise tidal
slush,3,True,raise floss slush
semen,4,True,raise spelt seven semen
windy,3,True,raise pilot windy
dusty,6,True,raise stunk lusty musty gusty dusty
sally,3,True,raise salon sally
igloo,3,True,raise pilot igloo
nerdy,3,True,raise deter nerdy
jewel,4,True,raise betel level jewel
shone,4,True,raise stone scone shone
whale,4,True,raise blade leave whale
hymen,4,True,raise betel woven hymen
abuse,4,True,raise cease amuse abuse
fugue,3,True,raise lunge fugue
elbow,3,True,raise betel elbow
crumb,4,True,raise court crump crumb
pansy,4,True,raise salsa patsy pansy
welsh,3,True,raise chest welsh
syrup,4,True,raise short scrub syrup
terse,4,True,raise purse verse terse
suave,5,True,raise slate spade shake suave
gamut,3,True,raise tangy gamut
swung,4,True,raise stunk slung swung
drake,3,True,raise grace drake
freed,5,True,raise deter creed breed freed
afire,2,True,raise afire
shirt,3,True,raise shirk shirt
grout,4,True,raise court trout grout
oddly,5,True,raise mulch blown lofty oddly
tithe,4,True,raise binge tilde tithe
plaid,3,True,raise tidal plaid
dummy,4,True,raise mulch dumpy dummy
broom,5,True,raise court prong droll broom
blind,4,True,raise glint blink blind
torch,3,True,raise court torch
enemy,3,True,raise betel enemy
again,4,True,raise tidal khaki again
tying,3,True,raise glint tying
pesky,3,True,raise spelt pesky
alter,3,True,raise alert alter
gazer,5,True,raise taper lager gamer gazer
noble,3,True,raise lunge noble
ethos,4,True,raise spelt zesty ethos
bride,5,True,raise tripe brine bribe bride
extol,3,True,raise betel extol
decor,4,True,raise deter demur decor
hobby,4,True,raise mulch whoop hobby
beast,5,True,raise least yeast feast beast
idiom,4,True,raise glint quick idiom
utter,4,True,raise deter outer utter
these,4,True,raise loose dense these
sixth,3,True,raise stoic sixth
alarm,3,True,raise adorn alarm
erase,3,True,raise arose erase
elegy,3,True,raise betel elegy
spunk,4,True,raise stunk skunk spunk
piper,6,True,raise diner liver fixer tiger piper
scaly,5,True,raise stalk scald scalp scaly
scold,4,True,raise stunk scowl scold
hefty,4,True,raise betel depth hefty
chick,4,True,raise glint quick chick
sooty,4,True,raise stunk sooth sooty
canal,4,True,raise tangy banal canal
whiny,3,True,raise glint whiny
slash,2,True,raise slash
quake,6,True,raise blade weave agate chafe quake
joint,4,True,raise glint point joint
swept,3,True,raise spelt swept
prude,3,True,raise trope prude
heavy,4,True,raise cleat beady heavy
wield,5,True,raise linen yield field wield
femme,4,True,raise lunge theme femme
lasso,3,True,raise salsa lasso
maize,3,True,raise waive maize
shale,3,True,raise slate shale
screw,3,True,raise sheer screw
spree,2,True,raise spree
smoky,3,True,raise stunk smoky
whiff,5,True,raise glint quick idiom whiff
scent,4,True,raise spelt sweet scent
glade,3,True,raise blade glade
spent,3,True,raise spelt spent
prism,3,True,raise brisk prism
stoke,5,True,raise stone stove stole stoke
riper,3,True,raise rivet riper
orbit,3,True,raise droit orbit
cocoa,4,True,raise float comma cocoa
guilt,3,True,raise glint guilt
humus,4,True,raise stunk pushy humus
shush,4,True,raise floss hussy shush
table,3,True,raise cable table
smirk,3,True,raise shirk smirk
wrong,4,True,raise court prong wrong
noisy,3,True,raise hoist noisy
alert,2,True,raise alert
shiny,5,True,raise stink suing spiny shiny
elate,4,True,raise blade plate elate
resin,3,True,raise risen resin
whole,4,True,raise lunge clove whole
hunch,4,True,raise mulch butch hunch
pixel,4,True,raise linen filet pixel
polar,4,True,raise adorn molar polar
hotel,3,True,raise betel hotel
sword,4,True,raise short scorn sword
cleat,2,True,raise cleat
mango,4,True,raise tangy manga mango
rumba,3,True,raise royal rumba
puffy,6,True,raise mulch pudgy putty puppy puffy
filly,4,True,raise pilot filmy filly
billy,5,True,raise pilot filmy dilly billy
leash,3,True,raise least leash
clout,4,True,raise mulch could clout
dance,3,True,raise cable dance
ovate,4,True,raise blade weave ovate
facet,4,True,raise navel matey facet
chili,5,True,raise glint chill child chili
paint,3,True,raise faint paint
liner,4,True,raise diner finer liner
curio,3,True,raise droit curio
salty,4,True,raise salon sally salty
audio,3,True,raise tidal audio
snake,5,True,raise slate spade shake snake
fable,4,True,raise cable table fable
cloak,3,True,raise float cloak
navel,2,True,raise navel
spurt,3,True,raise short spurt
pesto,3,True,raise spelt pesto
balmy,4,True,raise tangy bawdy balmy
flash,3,True,raise slash flash
unwed,4,True,raise betel woven unwed
early,3,True,raise taper early
churn,3,True,raise court churn
weedy,4,True,raise betel needy weedy
stump,4,True,raise stunk study stump
lease,4,True,raise cease tease lease
witty,4,True,raise pilot width witty
wimpy,4,True,raise pilot hippy wimpy
spoof,4,True,raise stunk scowl spoof
saner,3,True,raise safer saner
blend,3,True,raise betel blend
salsa,2,True,raise salsa
thick,3,True,raise glint thick
warty,3,True,raise party warty
manic,3,True,raise panic manic
blare,3,True,raise grace blare
squib,3,True,raise stoic squib
spoon,4,True,raise stunk shown spoon
probe,5,True,raise trope prove prone probe
crepe,3,True,raise trope crepe
knack,6,True,raise float aback whack quack knack
force,4,True,raise trope forge force
debut,3,True,raise betel debut
order,4,True,raise deter udder order
haste,5,True,raise caste waste paste haste
teeth,3,True,raise betel teeth
agent,4,True,raise cleat adept agent
widen,4,True,raise linen given widen
icily,4,True,raise glint chill icily
slice,5,True,raise spine smile slide slice
ingot,3,True,raise pilot ingot
clash,4,True,raise slash flash clash
juror,4,True,raise court furor juror
blood,4,True,raise mulch blown blood
abode,3,True,raise blade abode
throw,4,True,raise court throb throw
unity,3,True,raise glint unity
pivot,3,True,raise pilot pivot
slept,3,True,raise spelt slept
troop,4,True,raise court throb troop
spare,6,True,raise scare snare stare share spare
sewer,4,True,raise sheer sever sewer
parse,2,True,raise parse
morph,4,True,raise court donor morph
cacti,3,True,raise panic cacti
tacky,4,True,raise tangy tatty tacky
spool,4,True,raise stunk scowl spool
demon,4,True,raise betel decoy demon
moody,4,True,raise mulch motto moody
annex,4,True,raise cleat beady annex
begin,3,True,raise linen begin
fuzzy,5,True,raise mulch pudgy funny fuzzy
patch,4,True,raise tangy caput patch
water,6,False,raise taper cater hater eater later
lumpy,3,True,raise mulch lumpy
admin,4,True,raise tidal aphid admin
omega,4,True,raise cleat enema omega
limit,4,True,raise pilot light limit
tabby,5,True,raise tangy tatty tacky tabby
macho,4,True,raise tangy macaw macho
aisle,2,True,raise aisle
skiff,5,True,raise stink skill skimp skiff
basis,4,True,raise basic basin basis
plank,4,True,raise float black plank
verge,4,True,raise trope nerve verge
botch,4,True,raise mulch notch botch
crawl,6,True,raise adorn tract crazy cramp crawl
lousy,3,True,raise floss lousy
slain,3,True,raise snail slain
cubic,4,True,raise pilot cynic cubic
raise,1,True,raise
wrack,4,True,raise adorn tract wrack
guide,3,True,raise utile guide
foist,5,True,raise hoist moist joist foist
cameo,4,True,raise navel matey cameo
under,4,True,raise deter udder under
actor,4,True,raise adorn arbor actor
revue,3,True,raise rogue revue
fraud,4,True,raise adorn drawl fraud
harpy,3,True,raise party harpy
scoop,4,True,raise stunk scowl scoop
climb,4,True,raise glint flick climb
refer,4,True,raise ruler rover refer
olden,4,True,raise betel golem olden
clerk,4,True,raise deter query clerk
debar,4,True,raise alert cedar debar
tally,6,True,raise tangy tatty tacky tabby tally
ethic,4,True,raise linen fetid ethic
cairn,3,True,raise hairy cairn
tulle,3,True,raise lunge tulle
ghoul,3,True,raise mulch ghoul
hilly,6,True,raise pilot filmy dilly billy hilly
crude,4,True,raise trope creme crude
apart,4,True,raise adorn alarm apart
scale,4,True,raise slate shale scale
older,5,True,raise deter udder order older
plain,4,True,raise tidal claim plain
sperm,4,True,raise sheer stern sperm
briny,5,True,raise print bring brink briny
abbot,3,True,raise float abbot
rerun,3,True,raise ruler rerun
quest,4,True,raise chest guest quest
crisp,4,True,raise brisk prism crisp
bound,5,True,raise mulch pound found bound
befit,4,True,raise linen fetid befit
drawn,3,True,raise adorn drawn
suite,5,True,raise spine smile seize suite
itchy,4,True,raise pilot tunic itchy
cheer,5,True,raise deter queer freer cheer
bagel,4,True,raise navel label bagel
guess,4,True,raise chest bless guess
broad,3,True,raise adorn broad
axiom,4,True,raise align amity axiom
chard,3,True,raise adorn chard
caput,3,True,raise tangy caput
leant,3,True,raise cleat leant
harsh,3,True,raise marsh harsh
curse,4,True,raise purse nurse curse
proud,5,True,raise court furor group proud
swing,4,True,raise stink suing swing
opine,3,True,raise utile opine
taste,6,True,raise caste waste paste haste taste
lupus,4,True,raise stunk pushy lupus
gumbo,5,True,raise mulch dumpy jumbo gumbo
miner,5,True,raise diner finer liner miner
green,4,True,raise deter creep green
chasm,3,True,raise slash chasm
lipid,3,True,raise pilot lipid
topic,4,True,raise pilot optic topic
armor,4,True,raise adorn arbor armor
brush,3,True,raise crust brush
crane,6,True,raise grace crate craze crave crane
mural,4,True,raise adorn tract mural
abled,4,True,raise cleat fella abled
habit,5,True,raise panic maxim valid habit
bossy,3,True,raise floss bossy
maker,5,True,raise taper lager baker maker
dusky,5,True,raise stunk musky husky dusky
dizzy,4,True,raise pilot windy dizzy
lithe,4,True,raise binge tilde lithe
brook,6,True,raise court prong droll broom brook
jazzy,5,True,raise tangy bawdy mammy jazzy
fifty,6,True,raise pilot width kitty minty fifty
sense,5,True,raise loose dense tense sense
giant,3,True,raise tidal giant
surly,4,True,raise short scrub surly
legal,4,True,raise cleat pedal legal
fatal,5,True,raise tangy caput waltz fatal
flunk,3,True,raise mulch flunk
began,4,True,raise cleat kebab began
prune,4,True,raise trope prude prune
small,5,True,raise stalk scald shall small
slant,3,True,raise stalk slant
scoff,5,True,raise stunk scowl scoop scoff
torus,3,True,raise short torus
ninny,4,True,raise pilot windy ninny
covey,4,True,raise betel woven covey
viper,4,True,raise diner liver viper
taken,3,True,raise navel taken
moral,4,True,raise adorn molar moral
vogue,3,True,raise lunge vogue
owing,4,True,raise glint doing owing
token,4,True,raise betel unmet token
entry,3,True,raise deter entry
booth,4,True,raise mulch tooth booth
voter,4,True,raise deter outer voter
chide,4,True,raise utile opine chide
elfin,3,True,raise linen elfin
ebony,3,True,raise betel ebony
neigh,4,True,raise edict feign neigh
minim,5,True,raise pilot windy cinch minim
melon,4,True,raise betel cello melon
kneed,4,True,raise betel cheek kneed
decoy,3,True,raise betel decoy
voila,3,True,raise align voila
ankle,5,True,raise blade ample angle ankle
arrow,4,True,raise adorn arbor arrow
mushy,5,True,raise stunk pushy bushy mushy
tribe,5,True,raise tripe trite trice tribe
cease,2,True,raise cease
eager,5,True,raise taper lager wager eager
birth,4,True,raise droit girth birth
graph,5,True,raise adorn tract gravy graph
odder,4,True,raise deter udder odder
terra,3,True,raise alert terra
weird,3,True,raise fried weird
tried,4,True,raise fried pried tried
clack,4,True,raise float black clack
color,4,True,raise court corny color
rough,3,True,raise ruddy rough
weigh,4,True,raise edict feign weigh
uncut,4,True,raise mulch count uncut
ladle,5,True,raise cable eagle maple ladle
strip,2,True,raise strip
craft,4,True,raise adorn tract craft
minus,4,True,raise stoic fishy minus
dicey,3,True,raise linen dicey
titan,3,True,raise tidal titan
lucid,4,True,raise pilot fluid lucid
vicar,4,True,raise trail cigar vicar
dress,3,True,raise cress dress
ditch,4,True,raise pilot width ditch
gypsy,3,True,raise floss gypsy
pasta,4,True,raise salon hasty pasta
taffy,6,False,raise tangy tatty tacky tabby tally
flame,4,True,raise blade plate flame
swoop,4,True,raise stunk scowl swoop
aloof,3,True,raise float aloof
sight,4,True,raise stoic sixth sight
broke,4,True,raise trope drove broke
teary,4,True,raise alert terra teary
chart,3,True,raise adorn chart
sixty,4,True,raise stoic sixth sixty
wordy,5,True,raise court donor world wordy
sheer,2,True,raise sheer
leper,5,True,raise deter never fewer leper
nosey,3,True,raise spelt nosey
bulge,3,True,raise lunge bulge
savor,2,True,raise savor
clamp,4,True,raise float black clamp
funky,5,True,raise mulch pudgy funny funky
foamy,3,True,raise float foamy
toxic,4,True,raise pilot toxin toxic
brand,3,True,raise adorn brand
plumb,3,True,raise mulch plumb
dingy,4,True,raise pilot windy dingy
butte,4,True,raise lunge queue butte
drill,4,True,raise print grill drill
tripe,2,True,raise tripe
bicep,4,True,raise linen dicey bicep
tenor,3,True,raise deter tenor
krill,5,True,raise print grill drill krill
worse,4,True,raise purse verse worse
drama,5,True,raise adorn drawl draft drama
hyena,4,True,raise cleat enema hyena
think,3,True,raise glint think
ratio,3,True,raise radio ratio
cobra,4,True,raise adorn ovary cobra
basil,5,True,raise basic basin basis basil
scrum,4,True,raise short scrub scrum
bused,4,True,raise spelt nosey bused
phone,4,True,raise lunge ozone phone
court,2,True,raise court
camel,5,True,raise navel label hazel camel
proof,6,True,raise court prong proxy prowl proof
heard,5,True,raise alert yearn beard heard
angel,4,True,raise cleat fella angel
petal,4,True,raise cleat metal petal
pouty,4,True,raise mulch pound pouty
throb,3,True,raise court throb
maybe,4,True,raise cable badge maybe
fetal,5,True,raise cleat metal petal fetal
sprig,3,True,raise strip sprig
spine,2,True,raise spine
shout,4,True,raise stunk spout shout
cadet,5,True,raise navel matey facet cadet
macro,4,True,raise party valor macro
dodgy,4,True,raise mulch goody dodgy
satyr,3,True,raise savor satyr
rarer,4,True,raise ramen racer rarer
binge,2,True,raise binge
trend,3,True,raise deter trend
nutty,5,True,raise mulch pudgy funny nutty
leapt,4,True,raise cleat leant leapt
amiss,2,True,raise amiss
split,3,True,raise stoic split
myrrh,3,True,raise court myrrh
width,3,True,raise pilot width
sonar,4,True,raise strap solar sonar
tower,4,True,raise deter tuber tower
baron,4,True,raise party carol baron
fever,4,True,raise deter never fever
waver,5,True,raise taper lager baker waver
spark,3,True,raise strap spark
belie,3,True,raise binge belie
sloop,4,True,raise stunk scowl sloop
expel,5,True,raise betel kneel excel expel
smote,3,True,raise stone smote
baler,4,True,raise taper lager baler
above,3,True,raise blade above
north,5,True,raise court forth worth north
wafer,6,True,raise taper lager baker waver wafer
scant,4,True,raise stalk shaft scant
frill,6,True,raise print grill drill krill frill
awash,3,True,raise slash awash
snack,4,True,raise stalk shank snack
scowl,3,True,raise stunk scowl
frail,3,True,raise trail frail
drift,3,True,raise print drift
limbo,4,True,raise pilot lingo limbo
fence,4,True,raise lunge penne fence
motel,4,True,raise betel hotel motel
ounce,4,True,raise lunge dunce ounce
wreak,6,False,raise alert dream break creak freak
revel,4,True,raise ruler rebel revel
talon,4,True,raise tangy taunt talon
prior,4,True,raise print primo prior
knelt,4,True,raise betel dwelt knelt
cello,3,True,raise betel cello
flake,5,True,raise blade plate flame flake
debug,3,True,raise betel debug
anode,3,True,raise blade anode
crime,5,True,raise tripe brine grime crime
salve,3,True,raise caste salve
scout,5,True,raise stunk spout shout scout
imbue,3,True,raise binge imbue
pinky,4,True,raise pilot picky pinky
stave,5,True,raise slate stage stake stave
vague,4,True,raise cable gauze vague
chock,3,True,raise mulch chock
fight,6,True,raise pilot night might wight fight
video,4,True,raise linen dicey video
stone,2,True,raise stone
teach,3,True,raise cleat teach
cleft,4,True,raise betel dwelt cleft
frost,4,True,raise crust tryst frost
prawn,4,True,raise adorn brawn prawn
booty,6,True,raise mulch goody booby boozy booty
twist,3,True,raise hoist twist
apnea,5,True,raise cleat beady annex apnea
stiff,4,True,raise stink still stiff
plaza,5,True,raise float black llama plaza
ledge,4,True,raise lunge lodge ledge
tweak,3,True,raise cleat tweak
board,4,True,raise adorn hoard board
grant,4,True,raise adorn crank grant
medic,4,True,raise linen fetid medic
bacon,4,True,raise tangy naval bacon
cable,2,True,raise cable
brawl,5,True,raise adorn tract gravy brawl
slunk,5,True,raise stunk skunk spunk slunk
raspy,2,True,raise raspy
forum,3,True,raise court forum
drone,4,True,raise trope drove drone
women,5,True,raise betel woven woken women
mucus,4,True,raise stunk pushy mucus
boast,5,True,raise slash coast toast boast
toddy,5,True,raise mulch goody dowdy toddy
coven,4,True,raise betel woven coven
tumor,4,True,raise court tutor tumor
truer,4,True,raise deter tuber truer
wrath,4,True,raise adorn tract wrath
stall,3,True,raise stalk stall
steam,5,True,raise steak stead steal steam
axial,3,True,raise align axial
purer,5,True,raise deter cower buyer purer
daily,4,True,raise faint gaily daily
trail,2,True,raise trail
niche,4,True,raise binge niece niche
mealy,4,True,raise cleat fella mealy
juice,4,True,raise utile guide juice
nylon,4,True,raise mulch folly nylon
plump,4,True,raise mulch plumb plump
merry,3,True,raise deter merry
flail,4,True,raise tidal avail flail
papal,4,True,raise tangy macaw papal
wheat,3,True,raise cleat wheat
berry,5,True,raise deter merry ferry berry
cower,3,True,raise deter cower
erect,3,True,raise deter erect
brute,3,True,raise trope brute
leggy,4,True,raise betel cello leggy
snipe,3,True,raise spine snipe
sinew,3,True,raise islet sinew
skier,2,True,raise skier
penny,4,True,raise betel decoy penny
jumpy,4,True,raise mulch dumpy jumpy
rally,3,True,raise randy rally
umbra,4,True,raise adorn chart umbra
scary,5,True,raise strap shard scarf scary
modem,4,True,raise betel woven modem
gross,4,True,raise crust dross gross
avian,3,True,raise align avian
greed,6,True,raise deter creed breed freed greed
satin,3,True,raise basic satin
tonic,4,True,raise pilot toxin tonic
parka,3,True,raise party parka
sniff,4,True,raise stink scion sniff
livid,4,True,raise pilot vigil livid
stark,4,True,raise strap start stark
trump,5,True,raise court truly trunk trump
giddy,4,True,raise pilot windy giddy
reuse,3,True,raise rouse reuse
taboo,3,True,raise tangy taboo
avoid,4,True,raise tidal aphid avoid
quote,4,True,raise lunge queue quote
devil,4,True,raise linen helix devil
liken,3,True,raise linen liken
gloss,3,True,raise floss gloss
gayer,6,True,raise taper lager gamer gazer gayer
beret,3,True,raise deter beret
noise,3,True,raise poise noise
gland,5,True,raise float black llama gland
dealt,4,True,raise cleat leant dealt
sling,5,True,raise stink suing swing sling
rumor,3,True,raise ruddy rumor
opera,3,True,raise alert opera
thigh,3,True,raise glint thigh
tonga,3,True,raise float tonga
flare,4,True,raise grace blare flare
wound,6,True,raise mulch pound found bound wound
white,4,True,raise utile twice white
bulky,4,True,raise mulch bully bulky
etude,4,True,raise lunge chute etude
horse,5,True,raise purse verse worse horse
circa,4,True,raise trail cigar circa
paddy,6,True,raise tangy bawdy daddy caddy paddy
inbox,3,True,raise pilot inbox
fizzy,5,True,raise pilot windy jiffy fizzy
grain,4,True,raise trail braid grain
exert,4,True,raise deter erect exert
surge,3,True,raise spree surge
gleam,4,True,raise cleat glean gleam
belle,5,True,raise lunge clove melee belle
salvo,3,True,raise salon salvo
crush,3,True,raise crust crush
fruit,3,True,raise droit fruit
sappy,5,True,raise salon savvy saucy sappy
taker,4,True,raise taper tamer taker
tract,3,True,raise adorn tract
ovine,4,True,raise utile opine ovine
spiky,4,True,raise stink skill spiky
frank,5,True,raise adorn crank prank frank
reedy,4,True,raise ruler retch reedy
filth,3,True,raise pilot filth
spasm,3,True,raise slash spasm
heave,4,True,raise blade weave heave
mambo,4,True,raise tangy macaw mambo
right,3,True,raise robin right
clank,4,True,raise float black clank
trust,3,True,raise crust trust
lumen,4,True,raise betel golem lumen
borne,5,True,raise trope forge horde borne
spook,4,True,raise stunk shock spook
sauce,3,True,raise caste sauce
amber,3,True,raise alert amber
lathe,4,True,raise cable halve lathe
carat,4,True,raise party tarot carat
corer,5,True,raise deter cower cover corer
dirty,3,True,raise droit dirty
slyly,5,True,raise stunk scowl shyly slyly
affix,4,True,raise tidal khaki affix
alloy,4,True,raise float allow alloy
taint,4,True,raise faint paint taint
sheep,4,True,raise spelt sweep sheep
kinky,5,True,raise pilot windy ninny kinky
wooly,4,True,raise mulch blown wooly
mauve,4,True,raise cable gauze mauve
flung,4,True,raise mulch flunk flung
yacht,3,True,raise tangy yacht
fried,2,True,raise fried
quail,5,True,raise tidal avail flail quail
brunt,4,True,raise court grunt brunt
grimy,4,True,raise print grill grimy
curvy,4,True,raise court curly curvy
cagey,4,True,raise navel matey cagey
rinse,2,True,raise rinse
deuce,4,True,raise lunge chute deuce
state,4,True,raise slate skate state
grasp,4,True,raise crass trash grasp
milky,4,True,raise pilot filmy milky
bison,3,True,raise stoic bison
graft,4,True,raise adorn tract graft
sandy,4,True,raise salon sauna sandy
baste,6,False,raise caste waste paste haste taste
flask,5,True,raise slash blast clasp flask
hedge,4,True,raise lunge wedge hedge
girly,4,True,raise droit incur girly
swash,4,True,raise slash smash swash
boney,3,True,raise betel boney
coupe,4,True,raise lunge chute coupe
endow,4,True,raise betel enjoy endow
abhor,4,True,raise adorn arbor abhor
welch,4,True,raise betel cello welch
blade,2,True,raise blade
tight,6,False,raise pilot night might wight fight
geese,4,True,raise loose dense geese
miser,2,True,raise miser
mirth,5,True,raise droit girth birth mirth
cloud,4,True,raise mulch could cloud
cabal,4,True,raise tangy macaw cabal
leech,3,True,raise betel leech
close,3,True,raise loose close
tenth,4,True,raise betel depth tenth
pecan,4,True,raise cleat decay pecan
droit,2,True,raise droit
grail,4,True,raise trail frail grail
clone,4,True,raise lunge noble clone
guise,3,True,raise poise guise
ralph,4,True,raise randy rajah ralph
tango,3,True,raise tangy tango
biddy,5,True,raise pilot windy giddy biddy
smith,4,True,raise stink swift smith
mower,6,True,raise deter cower power lower mower
payee,4,True,raise cable gauze payee
serif,3,True,raise miser serif
drape,4,True,raise grace drake drape
fifth,5,True,raise pilot width ninth fifth
spank,4,True,raise stalk shank spank
glaze,5,True,raise blade plate flame glaze
allot,3,True,raise float allot
truck,3,True,raise court truck
kayak,4,True,raise tangy bayou kayak
virus,3,True,raise strip virus
testy,4,True,raise spelt zesty testy
tepee,4,True,raise lunge theme tepee
fully,5,True,raise mulch bully gully fully
zonal,5,True,raise float local modal zonal
metro,3,True,raise deter metro
curry,3,True,raise court curry
grand,4,True,raise adorn brand grand
banjo,4,True,raise tangy banal banjo
axion,4,True,raise align avian axion
bezel,4,True,raise betel bevel bezel
occur,3,True,raise court occur
chain,4,True,raise tidal khaki chain
nasal,3,True,raise salon nasal
gooey,5,True,raise betel woven modem gooey
filer,4,True,raise diner liver filer
brace,4,True,raise grace trace brace
allay,3,True,raise float allay
pubic,3,True,raise pilot pubic
raven,3,True,raise ramen raven
plead,5,True,raise cleat glean bleak plead
gnash,4,True,raise slash awash gnash
flaky,4,True,raise float flack flaky
munch,3,True,raise mulch munch
dully,6,True,raise mulch bully gully fully dully
eking,3,True,raise edict eking
thing,4,True,raise glint tying thing
slink,3,True,raise stink slink
hurry,4,True,raise court furry hurry
theft,4,True,raise betel empty theft
shorn,3,True,raise short shorn
pygmy,3,True,raise mulch pygmy
ranch,3,True,raise randy ranch
wring,4,True,raise print bring wring
lemon,4,True,raise betel cello lemon
shore,6,True,raise spree store swore score shore
mamma,4,True,raise tangy macaw mamma
froze,5,True,raise trope drove broke froze
newer,4,True,raise deter never newer
style,3,True,raise stone style
moose,5,True,raise loose goose noose moose
antic,3,True,raise tidal antic
drown,5,True,raise court prong frown drown
vegan,4,True,raise cleat kebab vegan
chess,3,True,raise chest chess
guppy,4,True,raise mulch pudgy guppy
union,4,True,raise glint unify union
lever,5,True,raise deter never fever lever
lorry,4,True,raise court dowry lorry
image,3,True,raise inane image
cabby,4,True,raise tangy bawdy cabby
druid,3,True,raise droit druid
exact,4,True,raise cleat enact exact
truth,6,True,raise court truly trunk trump truth
dopey,5,True,raise betel woven modem dopey
spear,5,True,raise smear swear shear spear
cried,5,True,raise fried pried tried cried
chime,5,True,raise utile opine chide chime
crony,4,True,raise court crown crony
stunk,2,True,raise stunk
timid,4,True,raise pilot width timid
batch,6,False,raise tangy caput hatch watch latch
gauge,4,True,raise cable gauze gauge
rotor,4,True,raise ruddy robot rotor
crack,5,True,raise adorn tract wrack crack
curve,4,True,raise trope nerve curve
latte,4,True,raise cable halve latte
witch,4,True,raise pilot width witch
bunch,4,True,raise mulch butch bunch
repel,5,True,raise ruler rebel revel repel
anvil,4,True,raise tidal avail anvil
soapy,4,True,raise stalk swamp soapy
meter,3,True,raise deter meter
broth,4,True,raise court throb broth
madly,5,True,raise tangy bawdy dally madly
dried,6,True,raise fried pried tried cried dried
scene,3,True,raise stone scene
known,4,True,raise mulch goody known
magma,4,True,raise tangy gamma magma
roost,2,True,raise roost
woman,4,True,raise float gonad woman
thong,4,True,raise mulch whoop thong
punch,5,True,raise mulch butch hunch punch
pasty,5,True,raise salon hasty tasty pasty
downy,4,True,raise mulch goody downy
knead,4,True,raise cleat ahead knead
whirl,4,True,raise print quirk whirl
rapid,4,True,raise radio rabid rapid
clang,5,True,raise float black clamp clang
anger,4,True,raise alert amber anger
drive,5,True,raise tripe brine grime drive
goofy,4,True,raise mulch goody goofy
email,3,True,raise ideal email
music,3,True,raise stoic music
stuff,5,True,raise stunk study stump stuff
bleep,4,True,raise betel bleed bleep
rider,4,True,raise rivet riper rider
mecca,4,True,raise cleat peach mecca
folio,3,True,raise pilot folio
setup,3,True,raise spelt setup
verso,3,True,raise cress verso
quash,5,True,raise slash awash gnash quash
fauna,4,True,raise tangy naval fauna
gummy,4,True,raise mulch dumpy gummy
happy,6,True,raise tangy bawdy mammy jazzy happy
newly,4,True,raise betel cello newly
fussy,3,True,raise floss fussy
relic,3,True,raise rivet relic
guava,4,True,raise float aback guava
ratty,4,True,raise randy rally ratty
fudge,4,True,raise lunge budge fudge
femur,4,True,raise deter lemur femur
chirp,3,True,raise print chirp
forte,3,True,raise trope forte
alibi,3,True,raise align alibi
whine,4,True,raise utile opine whine
petty,4,True,raise betel jetty petty
golly,6,True,raise mulch folly jolly dolly golly
plait,3,True,raise tidal plait
fleck,4,True,raise betel whelp fleck
felon,5,True,raise betel cello melon felon
gourd,4,True,raise court mourn gourd
brown,6,True,raise court prong frown drown brown
thrum,3,True,raise court thrum
ficus,3,True,raise stoic ficus
stash,5,True,raise slash smash swash stash
decry,4,True,raise deter derby decry
wiser,3,True,raise miser wiser
junta,5,True,raise float twang aunty junta
visor,3,True,raise strip visor
daunt,5,True,raise tangy jaunt haunt daunt
scree,3,True,raise spree scree
impel,3,True,raise linen impel
await,4,True,raise tidal antic await
press,4,True,raise cress dress press
whose,5,True,raise loose those chose whose
turbo,4,True,raise court tutor turbo
stoop,5,True,raise stunk stool stood stoop
speak,4,True,raise steak sneak speak
mangy,3,True,raise tangy mangy
eying,4,True,raise edict eking eying
inlet,3,True,raise linen inlet
crone,6,True,raise trope drove broke froze crone
pulse,3,True,raise loose pulse
mossy,4,True,raise floss bossy mossy
staid,3,True,raise snail staid
hence,5,True,raise lunge penne fence hence
pinch,4,True,raise pilot picky pinch
teddy,4,True,raise betel depth teddy
sully,3,True,raise stunk sully
snore,6,False,raise spree store swore score shore
ripen,4,True,raise rivet riper ripen
snowy,4,True,raise stunk shown snowy
attic,4,True,raise tidal antic attic
going,3,True,raise glint going
leach,3,True,raise cleat leach
mouth,3,True,raise mulch mouth
hound,3,True,raise mulch hound
clump,3,True,raise mulch clump
tonal,4,True,raise float octal tonal
bigot,3,True,raise pilot bigot
peril,4,True,raise diner merit peril
piece,6,True,raise binge tilde pique pixie piece
blame,4,True,raise blade blaze blame
haute,5,True,raise cable gauze mauve haute
spied,3,True,raise spiel spied
undid,4,True,raise pilot cynic undid
intro,3,True,raise droit intro
basal,3,True,raise salon basal
shine,4,True,raise spine swine shine
gecko,4,True,raise betel decoy gecko
rodeo,4,True,raise ruler renew rodeo
guard,4,True,raise adorn chard guard
steer,4,True,raise sheer sneer steer
loamy,4,True,raise float koala loamy
scamp,4,True,raise stalk swamp scamp
scram,3,True,raise strap scram
manly,6,True,raise tangy canny dandy lanky manly
hello,4,True,raise betel cello hello
vaunt,6,True,raise tangy jaunt haunt daunt vaunt
organ,3,True,raise adorn organ
feral,3,True,raise alert feral
knock,3,True,raise mulch knock
extra,4,True,raise alert terra extra
condo,3,True,raise mulch condo
adapt,4,True,raise float chant adapt
willy,6,False,raise pilot filmy dilly billy hilly
polka,4,True,raise float koala polka
rayon,3,True,raise randy rayon
skirt,3,True,raise shirk skirt
faith,3,True,raise faint faith
torso,3,True,raise crust torso
match,6,False,raise tangy caput hatch watch latch
mercy,4,True,raise deter merry mercy
tepid,4,True,raise linen fetid tepid
sleek,3,True,raise spelt sleek
riser,3,True,raise risen riser
twixt,4,True,raise glint idiot twixt
peace,4,True,raise blade weave peace
flush,3,True,raise floss flush
catty,6,True,raise tangy batty patty fatty catty
login,4,True,raise pilot logic login
eject,4,True,raise betel event eject
roger,4,True,raise ruler rover roger
rival,2,True,raise rival
untie,3,True,raise binge untie
refit,4,True,raise rivet remit refit
aorta,4,True,raise adorn arbor aorta
adult,3,True,raise float adult
judge,5,True,raise lunge budge fudge judge
rower,5,True,raise ruler rover roger rower
artsy,3,True,raise crass artsy
rural,3,True,raise royal rural
shave,6,True,raise slate spade shake shame shave
